Workbook
Name Data_Final: 'Controlador de projetos'!$D$3
Name Data_Inicial: 'Controlador de projetos'!$D$2
Name Duração: Marcos[Duração da tarefa]
Name IncrementoDeRolagem: Marcos[Marco/Atividade]
Name IniciarNoDia: Marcos[Iniciar no dia]
Name Marco: Marcos[Responsável]
Name TabeladeDataInicial: Marcos[Data de início]

Sheet Controlador de projetos
A1: Crie um Controlador de projetos nesta planilha. O título desta planilha está na célula B1. As informações sobre como usar esta planilha, incluindo instruções para leitores de tela, estão na planilha Sobre. | B1: Cronograma de Gantt- Projeto integrador
A2: A Data de início pode ser inserida manualmente na célula D2 ou você pode usar a fórmula de exemplo do modelo para encontrar a menor data na coluna de marcos na tabela correspondente abaixo. | C2: Data de início: | D2: 45195
A3: A Data de término pode ser inserida manualmente na célula D3 ou você pode usar a fórmula de exemplo do modelo para encontrar a menor data na coluna de marcos na tabela correspondente abaixo. | C3: Data de término:
A5: Os cabeçalhos da tabela estão nas células B5 a G5. Há duas colunas ocultas: as colunas Iniciar no dia e Duração da tarefa nas células F5 e G5 são calculadas automaticamente e usadas para criar o Gráfico de Gantt na planilha correspondente. Os dados de amostra estão nas células B6 a E21. A próxima instrução está na célula A22. | B5: Marco/Atividade | C5: Data de início | D5: Data de término | E5: Responsável | F5: Iniciar no dia | G5: Duração da tarefa | H5: Estimativa de data | I5: Sprint
B6: Backlog | C6: 45926 | E6: Manu e Camila | F6: =IFERROR(IF(OR(LEN(Marcos[[#This Row],[Data de início]])=0,LEN(Marcos[[#This Row],[Data de término]])=0),"",INT(C6)-INT($C$6)),"") | G6: =IFERROR(IF(Marcos[[#This Row],[Iniciar no dia]]=0,DATEDIF(Marcos[[#This Row],[Data de início]],Marcos[[#This Row],[Data de término]],"d")+1,IF(LEN(Marcos[[#This Row],[Iniciar no dia]])=0,"",DATEDIF(Marcos[[#This Row],[Data de início]],Marcos[[#This Row],[Data de término]],"d")+1)),0)
B7: Rascunho do Dashboard | C7: 45926 | D7: - | E7: Felipe | F7: =IFERROR(IF(OR(LEN(Marcos[[#This Row],[Data de início]])=0,LEN(Marcos[[#This Row],[Data de término]])=0),"",INT(C7)-INT($C$6)),"") -> 0 | G7: =IFERROR(IF(Marcos[[#This Row],[Iniciar no dia]]=0,DATEDIF(Marcos[[#This Row],[Data de início]],Marcos[[#This Row],[Data de término]],"d")+1,IF(LEN(Marcos[[#This Row],[Iniciar no dia]])=0,"",DATEDIF(Marcos[[#This Row],[Data de início]],Marcos[[#This Row],[Data de término]],"d")+1)),0) -> 0
B8: Dashboard interativo- power BI (início das análises) | C8: - | D8: - | E8: Felipe | F8: =IFERROR(IF(OR(LEN(Marcos[[#This Row],[Data de início]])=0,LEN(Marcos[[#This Row],[Data de término]])=0),"",INT(C8)-INT($C$6)),"") | G8: =IFERROR(IF(Marcos[[#This Row],[Iniciar no dia]]=0,DATEDIF(Marcos[[#This Row],[Data de início]],Marcos[[#This Row],[Data de término]],"d")+1,IF(LEN(Marcos[[#This Row],[Iniciar no dia]])=0,"",DATEDIF(Marcos[[#This Row],[Data de início]],Marcos[[#This Row],[Data de término]],"d")+1)),0)
B9: Relatório do projeto (rascunho) | C9: 45928 | D9: - | E9: Camila e Anna Caroline | F9: =IFERROR(IF(OR(LEN(Marcos[[#This Row],[Data de início]])=0,LEN(Marcos[[#This Row],[Data de término]])=0),"",INT(C9)-INT($C$6)),"") -> 2 | G9: =IFERROR(IF(Marcos[[#This Row],[Iniciar no dia]]=0,DATEDIF(Marcos[[#This Row],[Data de início]],Marcos[[#This Row],[Data de término]],"d")+1,IF(LEN(Marcos[[#This Row],[Iniciar no dia]])=0,"",DATEDIF(Marcos[[#This Row],[Data de início]],Marcos[[#This Row],[Data de término]],"d")+1)),0) -> 0
B10: Fluxograma do processo do projeto | C10: 45930 | D10: 45932 | E10: Clayton e Carol | F10: =IFERROR(IF(OR(LEN(Marcos[[#This Row],[Data de início]])=0,LEN(Marcos[[#This Row],[Data de término]])=0),"",INT(C10)-INT($C$6)),"") -> 4 | G10: =IFERROR(IF(Marcos[[#This Row],[Iniciar no dia]]=0,DATEDIF(Marcos[[#This Row],[Data de início]],Marcos[[#This Row],[Data de término]],"d")+1,IF(LEN(Marcos[[#This Row],[Iniciar no dia]])=0,"",DATEDIF(Marcos[[#This Row],[Data de início]],Marcos[[#This Row],[Data de término]],"d")+1)),0) -> 3
B11: 5W2H | C11: 45927 | D11: - | E11: Kauane | F11: =IFERROR(IF(OR(LEN(Marcos[[#This Row],[Data de início]])=0,LEN(Marcos[[#This Row],[Data de término]])=0),"",INT(C11)-INT($C$6)),"") -> 1 | G11: =IFERROR(IF(Marcos[[#This Row],[Iniciar no dia]]=0,DATEDIF(Marcos[[#This Row],[Data de início]],Marcos[[#This Row],[Data de término]],"d")+1,IF(LEN(Marcos[[#This Row],[Iniciar no dia]])=0,"",DATEDIF(Marcos[[#This Row],[Data de início]],Marcos[[#This Row],[Data de término]],"d")+1)),0) -> 0
B12: Pesquisas sobre a cadeia produtiva alimentícia | C12: - | D12: - | E12: Anna Caroline, Clayton | F12: =IFERROR(IF(OR(LEN(Marcos[[#This Row],[Data de início]])=0,LEN(Marcos[[#This Row],[Data de término]])=0),"",INT(C12)-INT($C$6)),"") | G12: =IFERROR(IF(Marcos[[#This Row],[Iniciar no dia]]=0,DATEDIF(Marcos[[#This Row],[Data de início]],Marcos[[#This Row],[Data de término]],"d")+1,IF(LEN(Marcos[[#This Row],[Iniciar no dia]])=0,"",DATEDIF(Marcos[[#This Row],[Data de início]],Marcos[[#This Row],[Data de término]],"d")+1)),0)
B13: Sprint 2 | C13: Sprint 2 | D13: Sprint 2 | E13: Sprint 2 | F13: =IFERROR(IF(OR(LEN(Marcos[[#This Row],[Data de início]])=0,LEN(Marcos[[#This Row],[Data de término]])=0),"",INT(C13)-INT($C$6)),"") | G13: =IFERROR(IF(Marcos[[#This Row],[Iniciar no dia]]=0,DATEDIF(Marcos[[#This Row],[Data de início]],Marcos[[#This Row],[Data de término]],"d")+1,IF(LEN(Marcos[[#This Row],[Iniciar no dia]])=0,"",DATEDIF(Marcos[[#This Row],[Data de início]],Marcos[[#This Row],[Data de término]],"d")+1)),0) | H13: Sprint 2
B14: Extrair dados do Comex Stat/ Phyton | E14: Manu | F14: =IFERROR(IF(OR(LEN(Marcos[[#This Row],[Data de início]])=0,LEN(Marcos[[#This Row],[Data de término]])=0),"",INT(C14)-INT($C$6)),"") | G14: =IFERROR(IF(Marcos[[#This Row],[Iniciar no dia]]=0,DATEDIF(Marcos[[#This Row],[Data de início]],Marcos[[#This Row],[Data de término]],"d")+1,IF(LEN(Marcos[[#This Row],[Iniciar no dia]])=0,"",DATEDIF(Marcos[[#This Row],[Data de início]],Marcos[[#This Row],[Data de término]],"d")+1)),0) | H14: 45961
B15: Baixar planilhas do site | E15: Manu | F15: =IFERROR(IF(OR(LEN(Marcos[[#This Row],[Data de início]])=0,LEN(Marcos[[#This Row],[Data de término]])=0),"",INT(C15)-INT($C$6)),"") | G15: =IFERROR(IF(Marcos[[#This Row],[Iniciar no dia]]=0,DATEDIF(Marcos[[#This Row],[Data de início]],Marcos[[#This Row],[Data de término]],"d")+1,IF(LEN(Marcos[[#This Row],[Iniciar no dia]])=0,"",DATEDIF(Marcos[[#This Row],[Data de início]],Marcos[[#This Row],[Data de término]],"d")+1)),0) | H15: 45961
B16: Decodificar no Sublimetext | E16: Manu | F16: =IFERROR(IF(OR(LEN(Marcos[[#This Row],[Data de início]])=0,LEN(Marcos[[#This Row],[Data de término]])=0),"",INT(C16)-INT($C$6)),"") | G16: =IFERROR(IF(Marcos[[#This Row],[Iniciar no dia]]=0,DATEDIF(Marcos[[#This Row],[Data de início]],Marcos[[#This Row],[Data de término]],"d")+1,IF(LEN(Marcos[[#This Row],[Iniciar no dia]])=0,"",DATEDIF(Marcos[[#This Row],[Data de início]],Marcos[[#This Row],[Data de término]],"d")+1)),0) | H16: 45961
B17: Filtro dos dados com Phyton | E17: Manu | F17: =IFERROR(IF(OR(LEN(Marcos[[#This Row],[Data de início]])=0,LEN(Marcos[[#This Row],[Data de término]])=0),"",INT(C17)-INT($C$6)),"") | G17: =IFERROR(IF(Marcos[[#This Row],[Iniciar no dia]]=0,DATEDIF(Marcos[[#This Row],[Data de início]],Marcos[[#This Row],[Data de término]],"d")+1,IF(LEN(Marcos[[#This Row],[Iniciar no dia]])=0,"",DATEDIF(Marcos[[#This Row],[Data de início]],Marcos[[#This Row],[Data de término]],"d")+1)),0) | H17: 45961
B18: Relatório | E18: Ana Caroline e Camila | F18: =IFERROR(IF(OR(LEN(Marcos[[#This Row],[Data de início]])=0,LEN(Marcos[[#This Row],[Data de término]])=0),"",INT(C18)-INT($C$6)),"") | G18: =IFERROR(IF(Marcos[[#This Row],[Iniciar no dia]]=0,DATEDIF(Marcos[[#This Row],[Data de início]],Marcos[[#This Row],[Data de término]],"d")+1,IF(LEN(Marcos[[#This Row],[Iniciar no dia]])=0,"",DATEDIF(Marcos[[#This Row],[Data de início]],Marcos[[#This Row],[Data de término]],"d")+1)),0)
B19: Criar primeira versão do portal online (estrutura básica de navegação) | E19: Felipe | F19: =IFERROR(IF(OR(LEN(Marcos[[#This Row],[Data de início]])=0,LEN(Marcos[[#This Row],[Data de término]])=0),"",INT(C19)-INT($C$6)),"") | G19: =IFERROR(IF(Marcos[[#This Row],[Iniciar no dia]]=0,DATEDIF(Marcos[[#This Row],[Data de início]],Marcos[[#This Row],[Data de término]],"d")+1,IF(LEN(Marcos[[#This Row],[Iniciar no dia]])=0,"",DATEDIF(Marcos[[#This Row],[Data de início]],Marcos[[#This Row],[Data de término]],"d")+1)),0)
B20: Criar analises para as telas | E20: Felipe | F20: =IFERROR(IF(OR(LEN(Marcos[[#This Row],[Data de início]])=0,LEN(Marcos[[#This Row],[Data de término]])=0),"",INT(C20)-INT($C$6)),"") | G20: =IFERROR(IF(Marcos[[#This Row],[Iniciar no dia]]=0,DATEDIF(Marcos[[#This Row],[Data de início]],Marcos[[#This Row],[Data de término]],"d")+1,IF(LEN(Marcos[[#This Row],[Iniciar no dia]])=0,"",DATEDIF(Marcos[[#This Row],[Data de início]],Marcos[[#This Row],[Data de término]],"d")+1)),0)
B21: Criar página de exportação | E21: Felipe | F21: =IFERROR(IF(OR(LEN(Marcos[[#This Row],[Data de início]])=0,LEN(Marcos[[#This Row],[Data de término]])=0),"",INT(C21)-INT($C$6)),"") | G21: =IFERROR(IF(Marcos[[#This Row],[Iniciar no dia]]=0,DATEDIF(Marcos[[#This Row],[Data de início]],Marcos[[#This Row],[Data de término]],"d")+1,IF(LEN(Marcos[[#This Row],[Iniciar no dia]])=0,"",DATEDIF(Marcos[[#This Row],[Data de início]],Marcos[[#This Row],[Data de término]],"d")+1)),0)
B22: Criar página da importação | E22: Felipe | F22: =IFERROR(IF(OR(LEN(Marcos[[#This Row],[Data de início]])=0,LEN(Marcos[[#This Row],[Data de término]])=0),"",INT(C22)-INT($C$6)),"") | G22: =IFERROR(IF(Marcos[[#This Row],[Iniciar no dia]]=0,DATEDIF(Marcos[[#This Row],[Data de início]],Marcos[[#This Row],[Data de término]],"d")+1,IF(LEN(Marcos[[#This Row],[Iniciar no dia]])=0,"",DATEDIF(Marcos[[#This Row],[Data de início]],Marcos[[#This Row],[Data de término]],"d")+1)),0)
B23: Criar critério de analise dos dados (Escolher o que analizar e como) | E23: Time | F23: =IFERROR(IF(OR(LEN(Marcos[[#This Row],[Data de início]])=0,LEN(Marcos[[#This Row],[Data de término]])=0),"",INT(C23)-INT($C$6)),"") | G23: =IFERROR(IF(Marcos[[#This Row],[Iniciar no dia]]=0,DATEDIF(Marcos[[#This Row],[Data de início]],Marcos[[#This Row],[Data de término]],"d")+1,IF(LEN(Marcos[[#This Row],[Iniciar no dia]])=0,"",DATEDIF(Marcos[[#This Row],[Data de início]],Marcos[[#This Row],[Data de término]],"d")+1)),0)
B24: Apuração dos dados gerados (oque aconteceu e o por quê) | E24: Kauane | F24: =IFERROR(IF(OR(LEN(Marcos[[#This Row],[Data de início]])=0,LEN(Marcos[[#This Row],[Data de término]])=0),"",INT(C24)-INT($C$6)),"") | G24: =IFERROR(IF(Marcos[[#This Row],[Iniciar no dia]]=0,DATEDIF(Marcos[[#This Row],[Data de início]],Marcos[[#This Row],[Data de término]],"d")+1,IF(LEN(Marcos[[#This Row],[Iniciar no dia]])=0,"",DATEDIF(Marcos[[#This Row],[Data de início]],Marcos[[#This Row],[Data de término]],"d")+1)),0)
B25: Desenvolver dashboards analíticos com dados consolidados | E25: Felipe | F25: =IFERROR(IF(OR(LEN(Marcos[[#This Row],[Data de início]])=0,LEN(Marcos[[#This Row],[Data de término]])=0),"",INT(C25)-INT($C$6)),"") | G25: =IFERROR(IF(Marcos[[#This Row],[Iniciar no dia]]=0,DATEDIF(Marcos[[#This Row],[Data de início]],Marcos[[#This Row],[Data de término]],"d")+1,IF(LEN(Marcos[[#This Row],[Iniciar no dia]])=0,"",DATEDIF(Marcos[[#This Row],[Data de início]],Marcos[[#This Row],[Data de término]],"d")+1)),0)
B26: Criar relatórios técnicos finais com análises aprofundadas | E26: Ana Caroline e Camila | F26: =IFERROR(IF(OR(LEN(Marcos[[#This Row],[Data de início]])=0,LEN(Marcos[[#This Row],[Data de término]])=0),"",INT(C26)-INT($C$6)),"") | G26: =IFERROR(IF(Marcos[[#This Row],[Iniciar no dia]]=0,DATEDIF(Marcos[[#This Row],[Data de início]],Marcos[[#This Row],[Data de término]],"d")+1,IF(LEN(Marcos[[#This Row],[Iniciar no dia]])=0,"",DATEDIF(Marcos[[#This Row],[Data de início]],Marcos[[#This Row],[Data de término]],"d")+1)),0)
B27: Testar usabilidade e corrigir bugs no portal | E27: Time | F27: =IFERROR(IF(OR(LEN(Marcos[[#This Row],[Data de início]])=0,LEN(Marcos[[#This Row],[Data de término]])=0),"",INT(C27)-INT($C$6)),"") | G27: =IFERROR(IF(Marcos[[#This Row],[Iniciar no dia]]=0,DATEDIF(Marcos[[#This Row],[Data de início]],Marcos[[#This Row],[Data de término]],"d")+1,IF(LEN(Marcos[[#This Row],[Iniciar no dia]])=0,"",DATEDIF(Marcos[[#This Row],[Data de início]],Marcos[[#This Row],[Data de término]],"d")+1)),0)
B28: Publicar o portal online com os resultados obtidos | E28: Manu | F28: =IFERROR(IF(OR(LEN(Marcos[[#This Row],[Data de início]])=0,LEN(Marcos[[#This Row],[Data de término]])=0),"",INT(C28)-INT($C$6)),"") | G28: =IFERROR(IF(Marcos[[#This Row],[Iniciar no dia]]=0,DATEDIF(Marcos[[#This Row],[Data de início]],Marcos[[#This Row],[Data de término]],"d")+1,IF(LEN(Marcos[[#This Row],[Iniciar no dia]])=0,"",DATEDIF(Marcos[[#This Row],[Data de início]],Marcos[[#This Row],[Data de término]],"d")+1)),0)
B29: Preparar apresentação final para comunidade acadêmica | E29: Camila | F29: =IFERROR(IF(OR(LEN(Marcos[[#This Row],[Data de início]])=0,LEN(Marcos[[#This Row],[Data de término]])=0),"",INT(C29)-INT($C$6)),"") | G29: =IFERROR(IF(Marcos[[#This Row],[Iniciar no dia]]=0,DATEDIF(Marcos[[#This Row],[Data de início]],Marcos[[#This Row],[Data de término]],"d")+1,IF(LEN(Marcos[[#This Row],[Iniciar no dia]])=0,"",DATEDIF(Marcos[[#This Row],[Data de início]],Marcos[[#This Row],[Data de término]],"d")+1)),0)
B30: Dashboard analítico interativo- Power BI/ análise completa dos dados | E30: ="Atividade"&" "&ROW($A25) -> Atividade 25 | F30: =IFERROR(IF(OR(LEN(Marcos[[#This Row],[Data de início]])=0,LEN(Marcos[[#This Row],[Data de término]])=0),"",INT(C30)-INT($C$6)),"") | G30: =IFERROR(IF(Marcos[[#This Row],[Iniciar no dia]]=0,DATEDIF(Marcos[[#This Row],[Data de início]],Marcos[[#This Row],[Data de término]],"d")+1,IF(LEN(Marcos[[#This Row],[Iniciar no dia]])=0,"",DATEDIF(Marcos[[#This Row],[Data de início]],Marcos[[#This Row],[Data de término]],"d")+1)),0)
B31: Análise completa dos dados | E31: ="Atividade"&" "&ROW($A26) -> Atividade 26 | F31: =IFERROR(IF(OR(LEN(Marcos[[#This Row],[Data de início]])=0,LEN(Marcos[[#This Row],[Data de término]])=0),"",INT(C31)-INT($C$6)),"") | G31: =IFERROR(IF(Marcos[[#This Row],[Iniciar no dia]]=0,DATEDIF(Marcos[[#This Row],[Data de início]],Marcos[[#This Row],[Data de término]],"d")+1,IF(LEN(Marcos[[#This Row],[Iniciar no dia]])=0,"",DATEDIF(Marcos[[#This Row],[Data de início]],Marcos[[#This Row],[Data de término]],"d")+1)),0)

Sheet Gráfico de Gantt
A1: Há um Gráfico de Gantt com uma barra de rolagem nesta planilha. A barra de rolagem começa na célula B29. Esta é a última instrução nesta planilha.

Sheet Dados do gráf. dinâmico oculta
A1: O título desta planilha está na célula B1. | B1: Dados do gráf. dinâmico
A2: O cabeçalho de incremento de rolagem horizontal está na célula B2. Para incrementar manualmente os dados, insira um novo valor na célula B3. A página de rolagem atualiza automaticamente quando a barra de rolagem avança ou retorna na planilha Gráfico de Gantt. | B2: incremento de rolagem horizontal
A3: O valor de rolagem do Gráfico de Gantt é atualizado automaticamente na célula B3. | B3: 0
A4: O título da tabela está na célula B4. | B4: Tabela de dados dinâmicos
A5: Os cabeçalhos da tabela estão nas células B5 a E5. Há uma anotação na célula F5. Esta tabela cria gráficos com até cinco marcos por vez. Não altere ou exclua essa planilha ou seu conteúdo. | B5: marco | C5: data | D5: Iniciar no dia | E5: duração | F5: <--criar gráfico com até cinco marcos por vez
B6: =IFERROR(IF(LEN(OFFSET('Controlador de projetos'!$E6,$B$3,0,1,1))=0,"",INDEX(Marcos[],'Controlador de projetos'!$B6+$B$3,4)),"") | C6: =IFERROR(IF(LEN(OFFSET('Controlador de projetos'!$C6,$B$3,0,1,1))=0,End_Date,INDEX(Marcos[],'Controlador de projetos'!$B6+$B$3,2)),"") | D6: =IFERROR(IF(LEN(OFFSET('Controlador de projetos'!$F6,$B$3,0,1,1))=0,"",INDEX(Marcos[],'Controlador de projetos'!$B6+$B$3,5)),"") | E6: =IFERROR(IF(LEN(OFFSET('Controlador de projetos'!$G6,$B$3,0,1,1))=0,"",INDEX(Marcos[],'Controlador de projetos'!$B6+$B$3,6)),"")
B7: =IFERROR(IF(LEN(OFFSET('Controlador de projetos'!$E7,$B$3,0,1,1))=0,"",INDEX(Marcos[],'Controlador de projetos'!$B7+$B$3,4)),"") | C7: =IFERROR(IF(LEN(OFFSET('Controlador de projetos'!$C7,$B$3,0,1,1))=0,End_Date,INDEX(Marcos[],'Controlador de projetos'!$B7+$B$3,2)),"") | D7: =IFERROR(IF(LEN(OFFSET('Controlador de projetos'!$F7,$B$3,0,1,1))=0,"",INDEX(Marcos[],'Controlador de projetos'!$B7+$B$3,5)),"") | E7: =IFERROR(IF(LEN(OFFSET('Controlador de projetos'!$G7,$B$3,0,1,1))=0,"",INDEX(Marcos[],'Controlador de projetos'!$B7+$B$3,6)),"")
B8: =IFERROR(IF(LEN(OFFSET('Controlador de projetos'!$E8,$B$3,0,1,1))=0,"",INDEX(Marcos[],'Controlador de projetos'!$B8+$B$3,4)),"") | C8: =IFERROR(IF(LEN(OFFSET('Controlador de projetos'!$C8,$B$3,0,1,1))=0,End_Date,INDEX(Marcos[],'Controlador de projetos'!$B8+$B$3,2)),"") | D8: =IFERROR(IF(LEN(OFFSET('Controlador de projetos'!$F8,$B$3,0,1,1))=0,"",INDEX(Marcos[],'Controlador de projetos'!$B8+$B$3,5)),"") | E8: =IFERROR(IF(LEN(OFFSET('Controlador de projetos'!$G8,$B$3,0,1,1))=0,"",INDEX(Marcos[],'Controlador de projetos'!$B8+$B$3,6)),"")
B9: =IFERROR(IF(LEN(OFFSET('Controlador de projetos'!$E9,$B$3,0,1,1))=0,"",INDEX(Marcos[],'Controlador de projetos'!$B9+$B$3,4)),"") | C9: =IFERROR(IF(LEN(OFFSET('Controlador de projetos'!$C9,$B$3,0,1,1))=0,End_Date,INDEX(Marcos[],'Controlador de projetos'!$B9+$B$3,2)),"") | D9: =IFERROR(IF(LEN(OFFSET('Controlador de projetos'!$F9,$B$3,0,1,1))=0,"",INDEX(Marcos[],'Controlador de projetos'!$B9+$B$3,5)),"") | E9: =IFERROR(IF(LEN(OFFSET('Controlador de projetos'!$G9,$B$3,0,1,1))=0,"",INDEX(Marcos[],'Controlador de projetos'!$B9+$B$3,6)),"")
B10: =IFERROR(IF(LEN(OFFSET('Controlador de projetos'!#REF!,$B$3,0,1,1))=0,"",INDEX(Marcos[],'Controlador de projetos'!#REF!+$B$3,4)),"") | C10: =IFERROR(IF(LEN(OFFSET('Controlador de projetos'!#REF!,$B$3,0,1,1))=0,End_Date,INDEX(Marcos[],'Controlador de projetos'!#REF!+$B$3,2)),"") | D10: =IFERROR(IF(LEN(OFFSET('Controlador de projetos'!#REF!,$B$3,0,1,1))=0,"",INDEX(Marcos[],'Controlador de projetos'!#REF!+$B$3,5)),"") | E10: =IFERROR(IF(LEN(OFFSET('Controlador de projetos'!#REF!,$B$3,0,1,1))=0,"",INDEX(Marcos[],'Controlador de projetos'!#REF!+$B$3,6)),"")
